Name,City,STATE,Greatest Snowfall,GreatestEndingDate,ValidDateRange,1 days QTY,1 days DATE,2 days QTY,2 days DATE,3 days QTY,3 days DATE,First 2 inches
JUNEAU INTL AP,Juneau,AK,212.1,12/31/1994, 1936-11-01 to 2017-06-06,30.6,3/21/1948,38.6,4/3/1963,42.4,4/3/1963,10/2/2000
YAKUTAT AP,Yakutat,AK,400.6,12/31/1975, 1917-04-01 to 2017-06-06,30,3/11/1960,36,3/12/1960,40.4,3/28/1992,10/1/1974
BETHEL AP,Bethel,AK,149.5,12/31/1951, 1923-09-01 to 2017-05-31,17.6,1/3/1952,23.1,1/3/1952,33.2,1/5/1952,9/19/1948
ANCHORAGE TED STEVENS INTL AP,Anchorage,AK,171.6,12/31/1955,1953-02-01 to 2017-06-06,22,3/17/2002,29,12/29/1955,33,12/29/1955,9/25/2004
MCGRATH AP,Mcgrath,AK,196.6,12/31/1990, 1939-04-01 to 2017-06-06,16.2,1/3/2005,21,11/10/1985,22.1,11/11/1985,9/17/1992
FAIRBANKS INTL AP,Fairbanks,AK,146.2,12/31/1992, 1929-12-01 to 2017-06-06,16,2/11/1966,26.9,2/12/1966,34.6,2/13/1966,9/12/1992
BETTLES AP,Bettles,AK,147.5,12/31/1993, 1951-05-01 to 2017-06-06,19,1/22/1965,23.8,1/28/1973,25.9,1/29/1973,8/9/1969
BARROW W POST-W ROGERS AP,Barrow,AK,107.3,12/31/1916, 1901-09-01 to 2017-06-06,15,10/26/1926,16.5,10/27/1926,17.1,10/28/1926,8/15/1929
KODIAK AP,Kodiak,AK,178.9,12/31/1956, 1931-01-01 to 2017-06-05,21.5,1/7/1947,22.4,3/23/1956,28.7,3/22/1956,10/12/1961
BIRMINGHAM AP,Birmingham,AL,13,12/31/1993, 1930-01-01 to 2017-06-06,10.3,3/13/1993,13,3/13/1993,13,3/14/1993,12/11/1944
HUNTSVILLE INTL AP,Huntsville,AL,24,12/31/1963, 1937-12-01 to 2017-06-06,15.7,12/31/1963,17.1,1/1/1964,17.1,1/2/1964,11/2/1966
MOBILE RGNL AP,Mobile,AL,3.6,12/31/1973, 1948-01-01 to 2017-06-05,3.6,2/9/1973,3.6,2/10/1973,3.6,2/11/1973,12/31/1963
MONTGOMERY AP,Montgomery,AL,6,12/31/1977, 1948-01-01 to 2017-06-06,3.8,3/13/1993,3.8,3/14/1993,3.8,3/15/1993,1/18/1977
HOT SPRINGS ASOS,Hot Springs,AR,13.9,12/31/1988, 1986-05-27 to 2017-06-06,8,1/27/2000,11,1/7/1988,11,1/8/1988,12/13/2000
LITTLE ROCK AP ADAMS FLD,Little Rock,AR,32.6,12/31/1960, 1879-07-01 to 2017-06-06,11.3,1/5/1960,13,1893-01-18,13,1893-01-19,11/9/1892
FT SMITH RGNL AP,Ft Smith,AR,21.9,12/31/1978, 1945-09-27 to 2017-06-06,11,1/27/2000,11.3,1/7/1988,11.6,1/7/1988,11/2/1951
FAYETTEVILLE DRAKE FLD,Fayetteville,AR,27,12/31/2010, 1949-07-14 to 2017-06-06,14.6,2/9/2011,15,3/12/1968,15,3/13/1968,11/6/1951
PHOENIX SKY HARBOR INTL AP,Phoenix,AZ,0.6,12/31/1939, 1933-07-01 to 2017-06-06,0.4,2/2/1939,0.4,12/22/1990,0.4,12/23/1990,
PRESCOTT LOVE FLD,Prescott,AZ,51.6,12/31/1949, 1948-01-01 to 2017-06-05,17,12/14/1967,25,12/14/1967,32,12/15/1967,11/12/1985
WINSLOW MUNI AP,Winslow,AZ,40.4,12/31/1967, 1893-01-01 to 2017-06-05,19,12/11/1923,27.9,12/14/1967,30,12/15/1967,10/30/1972
FLAGSTAFF PULLIAM AP,Flagstaff,AZ,184.3,12/31/1965, 1893-01-01 to 2017-06-06,28,1895-01-16,52,1895-01-16,64,1895-01-17,9/19/1965
TAHOE CITY,Tahoe City,CA,499.3,12/31/1952, 1904-02-01 to 2017-06-02,42,4/3/1958,81,1/13/1911,117,1/13/1911,
EUREKA WFO WOODLEY ISLAND,Eureka,CA,6.9,12/31/1907, 1900-01-01 to 2017-06-06,3.4,1/13/1907,4.8,1/14/1907,5.9,1/15/1907,
BIG BEAR LAKE,Big Bear Lake,CA,154.5,12/31/1982, 1960-07-01 to 2017-06-06,30.5,12/15/2008,46,2/1/1979,54,2/2/1979,
SANTA BARBARA MUNI AP,Santa Barbara,CA,0,12/31/2017, 1941-01-02 to 2017-06-06,0,6/6/2017,0,6/7/2017,0,6/7/2017,
SAN FRANCISCO DWTN,San Francisco,CA,3.7,1887-12-31, 1876-01-01 to 2017-06-02,3.7,1887-02-05,3.7,1887-02-06,3.7,1887-02-07,
SACRAMENTO EXECUTIVE AP,Sacramento,CA,2,12/31/1976, 1941-11-10 to 2017-06-05,2,2/5/1976,2,2/6/1976,2,2/7/1976,2/5/1976
TRUCKEE AP,Truckee,CA,150.8,12/31/2017, 2000-01-01 to 2017-06-06,25,12/7/2009,41,12/8/2009,41,12/9/2009,9/21/2004
MAMMOTH LAKES RS,Mammoth Lakes,CA,356.8,12/31/2010, 1993-12-09 to 2017-05-28,42,1/2/2006,68,12/20/2010,90,12/20/2010,
REDDING MUNI AP,Redding,CA,17,12/31/1988, 1986-09-01 to 2017-06-05,10,12/24/1988,10,12/25/1988,10,12/26/1988,12/24/1988
LOS ANGELES DOWNTOWN/USC,Los Angeles,CA,2,12/31/1932, 1877-12-01 to 2017-06-06,2,1/15/1932,2,1/16/1932,2,1/17/1932,
DENVER INTL AP,Denver,CO,74.1,12/31/2013, 1995-03-01 to 2017-06-06,17.4,12/20/2006,20.7,12/21/2006,20.7,12/22/2006,10/17/2006
GRAND JUNCTION WALKER FLD,Grand Junction,CO,55.7,12/31/1948, 1900-01-01 to 2017-06-06,14,11/27/1919,22,11/27/1919,23.5,11/28/1919,9/18/1965
ALAMOSA SAN LUIS AP,Alamosa,CO,69.1,12/31/1973, 1948-01-01 to 2017-06-06,15.8,12/13/1967,20.3,12/3/1964,21.4,12/15/1967,10/3/1959
PUEBLO MEM AP,Pueblo,CO,72.4,12/31/1990, 1954-06-16 to 2017-06-06,16,11/14/1985,17.6,4/30/1990,18.8,5/1/1990,9/17/1971
COLORADO SPRINGS MUNI AP,Colorado Springs,CO,96.4,12/31/1957, 1948-04-01 to 2017-06-06,22,1/15/1987,23.5,1/16/1987,28.5,10/1/1959,9/3/1961
DENVER STAPLETON,Denver,CO,112,12/31/1959, 1948-01-01 to 2017-06-06,23.6,12/24/1982,29.5,3/19/2003,31.8,3/20/2003,
HARTFORD-BRADLEY INTL AP,Hartford,CT,88.2,12/31/1967, 1949-01-01 to 2017-06-06,24,1/12/2011,24,1/13/2011,24,1/14/2011,10/29/2011
Bridgeport Area,Bridgeport,CT,68.5,12/31/2003, 1948-07-01 to 2017-06-06,18.5,2/8/2013,30,2/9/2013,30,2/10/2013,10/29/2011
WILMINGTON NEW CASTLE CO AP,Wilmington,DE,57,1/1/2010,1948-01-01 to 2017-06-06,22,1/7/1996,25.8,2/6/2010,25.8,2/7/2010,11/6/1953
FT MYERS PAGE FLD AP,Ft Myers,FL,0,12/31/2017, 1907-04-28 to 2017-06-05,,,,,,,
KEY WEST INTL AP,Key West,FL,0,12/31/2017, 1948-01-01 to 2017-06-06,,,,,,,
PENSACOLA RGNL AP,Pensacola,FL,2.5,12/31/1977, 1948-07-01 to 2017-06-05,2.3,3/6/1954,2.3,3/7/1954,2.3,3/8/1954,3/6/1954
COLUMBUS METRO AP,Columbus,GA,14,12/31/1973, 1948-01-01 to 2017-06-06,11,2/9/1973,14,2/10/1973,14,2/11/1973,2/9/1973
MACON MIDDLE GA RGNL AP,Macon,GA,16.5,12/31/1973, 1948-12-01 to 2017-06-06,11,2/9/1973,16.5,",1973-02-10",16.5,2/11/1973,1/7/1988
ATLANTA HARTSFIELD INTL AP,Atlanta,GA,10.5,12/31/1936, 1928-12-25 to 2017-06-06,8.3,1/23/1940,8.3,1/24/1940,8.3,1/25/1940,12/19/2000
ATHENS BEN EPPS AP,Athens,GA,10.6,12/31/1983, 1945-12-01 to 2017-06-06,8.7,3/24/1983,8.8,1/10/2011,8.8,1/11/2011,11/11/1968
AUGUSTA BUSH FLD AP,Augusta,GA,14.4,12/31/1973, 1946-01-17 to 2017-06-05,8,2/12/2010,14,2/10/1973,14,2/11/1973,10/9/1979
MAUNA LOA SLOPE OBS 39,Mauna Loa,HI,5,12/31/1958, 1955-01-01 to 2017-06-06,4.5,12/5/1958,4.5,12/5/1958,4.5,12/7/1958,
HILO INTL AP 87,Hilo,HI,0,12/31/2017, 1949-10-01 to 2017-06-06,,,,,,,
KAHULUI AP,Kahului,HI,0,12/31/2017, 1915-06-01 to 2017-06-06,,,,,,,
LIHUE WSO AP 1020.1,Lihue,HI,0,12/31/2017, 1950-02-01 to 2017-06-06,,,,,,,
HONOLULU INTL AP,Honolulu,HI,0,12/31/2017, 1949-10-01 to 2017-06-06,,,,,,,
DES MOINES INTL AP,Des Moines,IA,76.2,12/31/1983, 1939-09-01 to 2017-06-06,19.8,1/1/1942,21.8,1/1/1942,23.7,1/1/1942,10/26/1997
DUBUQUE RGNL AP,Dubuque,IA,84.9,12/31/2008, 1951-02-01 to 2017-06-06,15,3/5/1959,18.6,4/9/1973,19.2,4/10/1973,10/26/1997
SIOUX CITY GATEWAY AP,Sioux City,IA,64.7,12/31/1983, 1896-01-01 to 2017-06-06,20,4/10/1913,22.9,",1913-04-10",22.9,4/11/1913,10/9/1970
WATERLOO MUNI AP,Waterloo,IA,64.3,12/31/2000, 1950-03-01 to 2017-06-06,13.2,1/3/1971,15.8,1/4/1971,15.8,1/5/1971,10/26/1997
LEWISTON NEZ PERCE CO AP,Lewiston,ID,40.6,12/31/1955, 1948-01-01 to 2017-06-06,8.7,1/15/1950,14.8,1/3/1966,14.8,1/4/1966,11/1/1955
POCATELLO RGNL AP,Pocatello,ID,79.5,12/31/1985, 1939-01-03 to 2017-06-06,13,12/26/2003,14.1,12/27/2003,16,12/28/2003,10/1/1971
BOISE AIR TERMINAL,Boise,ID,46.5,12/31/1964, 1940-01-01 to 2017-06-06,9.8,12/20/1996,13.6,2/15/1949,13.6,2/16/1949,11/7/1986
CHICAGO OHARE INTL AP,Chicago,IL,75,12/31/1978, 1958-11-01 to 2017-06-06,18.6,1/2/1999,20.6,1/2/1999,21.6,1/3/1999,10/19/1989
SPRINGFIELD ABRAHAM LINCOLN CA,Springfield,IL,47.7,12/31/1960, 1901-01-01 to 2017-06-06,17,3/24/2013,18.5,3/25/2013,18.5,3/26/2013,10/23/1929
PEORIA INTL AP,Peoria,IL,52.3,12/31/1977, 1943-05-04 to 2017-06-06,12.2,1/13/1979,15,2/2/2011,17,2/2/2011,11/1/1954
ROCKFORD GTR ROCKFORD AP,Rockford,IL,84.3,12/31/2008, 1951-01-01 to 2017-06-06,10.9,2/1/2011,14.3,2/2/2011,15.4,2/2/2011,11/1/1954
EVANSVILLE REGIONAL AP,Evansville,IN,36.4,12/31/1960, 1948-01-01 to 2017-06-05,19.3,12/22/2004,22.3,12/23/2004,22.3,12/24/2004,10/30/1993
INDIANAPOLIS INTL AP,Indianapolis,IN,54.8,12/31/1996, 1943-01-01 to 2017-06-06,11.4,1/5/2014,15.2,1/26/1978,15.5,1/27/1978,10/19/1989
S BEND AP,South Bend,IN,141.7,12/31/1978, 1893-12-01 to 2017-06-06,26,1/8/2011,36.6,1/8/2011,39.2,1/8/2011,10/19/1989
FT WAYNE INTL AP,Ft Wayne,IN,68.6,12/31/2014, 1911-10-01 to 2017-06-06,12.6,3/10/1964,14.3,3/11/1964,15.4,3/12/1964,10/19/1989
WICHITA DWIGHT D EISENHOWER NA,Wichita,KS,44.5,12/31/1987, 1953-12-01 to 2017-06-06,12,1/18/1962,15,1/18/1962,15,1/19/1962,11/5/1959
DODGE CITY RGNL AP,Dodge City,KS,44.5,12/31/1948, 1909-04-06 to 2017-06-06,14.5,3/10/1922,18,3/10/1922,18,3/11/1922,10/18/2013
TOPEKA MUNI AP,Topeka,KS,48.6,12/31/1960, 1946-08-01 to 2017-06-06,15.2,1/9/1993,18.2,1/9/1993,19.2,1/9/1993,10/22/1966
GOODLAND RENNER FLD,Goodland,KS,86.2,12/31/1984, 1895-09-01 to 2017-06-06,19.3,10/25/1997,20.5,11/27/1983,21.7,11/28/1983,9/20/1995
CONCORDIA MUNI AP,Concordia,KS,58,12/31/1960, 1893-01-01 to 2017-06-06,13.2,2/11/1965,17.2,3/17/1924,17.2,3/18/1924,10/9/1970
PADUCAH BARKLEY RGNL AP,Paducah,KY,37.7,12/31/1960, 1949-08-01 to 2017-06-05,14,12/22/2004,14.2,12/23/2004,14.2,12/24/2004,10/30/1993
LEXINGTON BLUEGRASS AP,Lexington,KY,62.8,12/31/1917, 1887-10-24 to 2017-06-06,13.4,1/26/1943,17.1,3/5/2015,17.1,3/6/2015,10/30/1925
JACKSON JULIAN CARROLL AP,Jackson,KY,53.7,12/31/1996, 1981-01-01 to 2017-06-06,19.8,3/13/1993,20.3,3/13/1993,20.4,3/13/1993,10/31/1993
CINCINNATI/NORTHERN KENTUCKY I,Cincinnati,KY,53.9,12/31/1977, 1948-01-01 to 2017-06-06,11.8,2/4/1998,18.3,2/5/1998,18.5,2/6/1998,10/19/1989
LOUISVILLE INTL AP,Louisville,KY,43.1,12/31/1978, 1945-07-01 to 2017-06-06,15.5,1/17/1994,15.9,1/17/1994,19.2,2/6/1998,10/30/1993
LAKE CHARLES RGNL AP,Lake Charles,LA,4,12/31/1973, 1961-11-01 to 2017-06-06,4,1/11/1973,4,1/12/1973,4,1/13/1973,1/1/1973
BATON ROUGE RYAN AP,Baton Rouge,LA,3.5,12/31/1940, 1930-01-01 to 2017-06-06,3.5,1/23/1940,3.5,1/24/1940,3.5,1/25/1940,1/23/1940
SHREVEPORT RGNL AP,Shreveport,LA,14,12/31/1948, 1939-07-01 to 2017-06-06,7.9,1/19/1948,7.9,1/20/1948,7.9,1/21/1948,12/16/1983
NEW ORLEANS INTL AP,New Orleans,LA,2.7,12/31/1963, 1948-01-01 to 2017-06-06,2.7,12/31/1963,2.7,1/1/1964,2.7,1/2/1964,12/31/1963
BLUE HILL,Blue Hill,MA,141.1,12/31/2015, 1893-04-01 to 2017-06-07,27.4,2/24/1969,34.6,2/25/1969,37.8,2/26/1969,
WORCESTER,Worcester,MA,120.6,12/31/2005, 1948-06-01 to 2017-06-06,31.9,1/27/2015,34.5,1/27/2015,34.5,1/28/2015,10/10/1979
BOSTON,Boston,MA,108.6,12/31/2015, 1936-01-01 to 2017-06-06,23.6,2/17/2003,27.6,2/18/2003,27.6,2/19/2003,11/11/1987
BALTIMORE-WASHINGTON INTL AP,Baltimore,MD,59.7,12/31/1996, 1939-07-01 to 2017-06-06,25.5,1/23/2016,29.2,1/23/2016,29.2,1/24/2016,11/6/1953
PORTLAND INTL JETPORT,Portland,ME,150.1,12/31/1956, 1940-11-27 to 2017-06-06,22.3,12/17/1970,31.9,2/9/2013,31.9,2/10/2013,10/22/1969
CARIBOU MUNI AP,Caribou,ME,176.8,12/31/2008, 1939-06-01 to 2017-06-06,28.6,3/14/1984,29,3/14/1984,33.1,12/27/2005,9/29/1991
MARQUETTE WSO AP,Marquette,MI,296.2,12/31/2002, 1959-10-01 to 2017-06-06,26.2,3/14/1997,31.9,3/14/1997,49.4,12/9/1977,10/10/1967
LANSING CAPITAL CITY AP,Lansing,MI,86.3,12/31/2008, 1948-01-01 to 2017-06-06,15.4,1/26/1967,24,1/27/1967,24,1/28/1967,10/19/1989
DETROIT METRO AP,Detroit,MI,82.6,12/31/2008, 1958-12-01 to 2017-06-06,18.4,12/1/1974,19.3,12/2/1974,19.5,12/3/1974,10/19/1989
GRAND RAPIDS INTL AP,Grand Rapids,MI,143.7,12/31/2008, 1963-11-24 to 2017-06-06,16.1,1/26/1978,21.5,12/27/2001,28.2,12/27/2001,10/12/2006
FLINT BISHOP INTL AP,Flint,MI,228.4,12/31/1893, 1893-01-01 to 2017-06-06,30,01/24/1894,50,01/24/1894,50,01/25/1894,10/12/2006
ALPENA CO RGNL AP,Alpena,MI,146,12/31/1985, 1916-10-21 to 2017-06-06,18.2,2/22/1922,22,1/27/1978,25.1,12/15/1989,10/22/1969
SAULT STE MARIE SANDERSON FLD,Sault Ste Marie,MI,208.8,12/31/1995, 1888-09-01 to 2017-06-06,26.6,12/10/1995,46,12/10/1995,56.5,12/11/1995,9/20/1956
HOUGHTON LK ROSCOMMON AP,Houghton,MI,116.7,12/31/1971, 1964-07-01 to 2017-06-06,15.4,1/26/1978,17,1/27/1978,17.5,1/27/1978,10/2/2003
MINNEAPOLIS/ST PAUL AP,Minneapolis/St Paul,MN,101.5,12/31/1983, 1938-04-09 to 2017-06-06,18.5,11/1/1991,26.7,11/1/1991,34.6,1/22/1982,10/10/1977
DULUTH INTL AP,Duluth,MN,168.9,12/31/1950, 1948-01-01 to 2017-06-06,24.1,11/1/1991,32.6,11/2/1991,36.8,11/2/1991,9/18/1991
INTL FALLS INTL AP,International Falls,MN,131.8,12/31/1992, 1907-09-01 to 2017-06-06,14.1,1/10/1975,21.5,1/11/1975,23.5,1/11/1975,10/1/1981
ST CLOUD RGNL AP,St Cloud,MN,84.3,12/31/2013, 1904-11-10 to 2017-06-06,14.5,3/1/1965,20.5,3/2/1965,21.7,3/3/1965,10/12/1969
ROCHESTER INTL AP,Rochester,MN,89,12/31/1985, 1893-01-01 to 2017-06-06,19.8,3/18/2005,20.1,3/19/2005,20.2,3/19/2005,10/15/1969
SPRINGFIELD WBO,Springfield,MO,40.2,12/31/1912, 1887-10-01 to 2017-04-30,18,2/20/1912,20,2/21/1912,20,2/22/1912,11/1/1951
ST LOUIS LAMBERT INTL AP,St Louis,MO,49.2,12/31/1977, 1931-06-01 to 2017-06-05,12.4,3/24/2013,13.9,1/31/1982,13.9,2/1/1982,11/5/1951
COLUMBIA RGNL AP,Columbia ,MO,49.2,12/31/1978, 1969-10-15 to 2017-06-05,18,1/19/1995,19.7,1/19/1995,19.7,1/20/1995,11/6/1991
KANSAS CITY DOWNTOWN AP,Kansas City,MO,63,12/31/1960, 1934-01-01 to 2017-01-18,11.8,1/18/1962,14.6,1/21/1958,14.6,1/22/1958,10/22/1996
JACKSON INTL AP,Jackson,MS,9.1,12/31/1960, 1951-01-01 to 2017-06-06,6,2/13/1960,9.1,2/13/1960,9.1,2/14/1960,12/14/1997
MERIDIAN KEY FLD,Meridian,MS,19.6,12/31/1963, 1944-06-01 to 2017-06-06,14,12/31/1963,15,1/1/1964,15,1/2/1964,12/20/1963
TUPELO RGNL AP,Tupelo,MS,11,12/31/1968, 1962-11-08 to 2017-06-06,8,3/22/1968,11,3/23/1968,11,3/24/1968,12/22/1963
BILLINGS INTL AP,Billings,MT,126.9,12/31/1955, 1934-08-23 to 2017-06-06,23.7,4/4/1955,39.1,4/4/1955,41.3,4/4/1955,9/7/1962
HELENA AP ASOS,Helena,MT,91.5,12/31/1967, 1939-05-01 to 2017-06-06,18.8,11/11/1959,21.7,11/12/1959,21.7,11/13/1959,8/22/1992
MISSOULA INTL AP,Missoula,MT,106.1,12/31/1996, 1948-01-01 to 2017-06-06,14.4,2/7/1975,17.9,12/25/1996,22.1,12/26/1996,10/7/1985
GLASGOW INTL AP,Glasgow,MT,83.4,12/31/2011, 1948-01-01 to 2017-06-06,12.8,10/12/2008,14.3,12/27/2003,14.4,12/28/2003,9/24/1951
KALISPELL GLACIER AP,Kalispell,MT,143.8,12/31/1996, 1896-12-01 to 2017-06-06,25,03/20/1898,26,03/20/1898,26.8,1/2/2009,9/21/1968
CHARLOTTE DOUGLAS AP,Charlotte,NC,22.9,12/31/1960, 1939-07-01 to 2017-06-06,12.1,1/7/1988,13.2,2/27/2004,13.2,2/28/2004,11/19/2000
ASHEVILLE,Asheville,NC,49.3,12/31/1969, 1876-11-20 to 2017-05-21,16,3/13/1993,20,3/13/1993,20.3,3/14/1993,11/1/2014
RALEIGH AP,Raleigh,NC,28.1,12/31/2000, 1944-05-18 to 2017-06-06,17.9,1/25/2000,20.3,1/25/2000,20.3,1/26/2000,11/19/2000
WILMINGTON INTL AP,Wilmington,NC,16.1,12/31/1989, 1933-01-01 to 2017-06-06,9.6,12/23/1989,14.3,12/24/1989,15.3,12/24/1989,12/1/1958
CAPE HATTERAS - BILLY MITCHELL,Cape Hatteras,NC,13.8,12/31/1989, 1957-03-01 to 2017-06-06,8.2,12/23/1989,13.3,12/24/1989,13.3,12/25/1989,12/16/1988
FARGO HECTOR INTL AP,Fargo,ND,98.1,12/31/1996, 1892-12-30 to 2017-06-06,16.3,1/22/1982,24.3,1/7/1989,24.4,1/8/1989,10/24/2001
BISMARCK MUNI AP,Bismarck,ND,103.1,12/31/1996, 1886-01-01 to 2017-06-05,17.3,4/14/2013,19,3/4/1966,23.5,11/25/1993,9/12/2003
WILLISTON SLOULIN INTL AP,Williston,ND,87.2,12/31/1896, 1894-01-01 to 2017-02-19,15,4/13/1986,16.5,03/20/1894,19.4,04/19/1896,9/24/1984
LINCOLN WWTP,Lincoln,NB,86.6,12/31/1881, 1881-02-01 to 2017-02-22,19,2/11/1965,25,03/28/1881,25,03/29/1881,10/23/2002
N PLATTE RGNL AP,North Platte,NB,67.7,12/31/2009, 1948-01-01 to 2017-06-06,11.9,1/1/1976,17.7,3/30/1949,19.3,3/29/1980,9/24/2000
GRAND ISLAND AP,Grand Island,NB,57.5,12/31/1983, 1895-10-01 to 2017-06-06,17.8,3/20/2006,20.7,3/20/2006,21.6,3/21/2006,9/29/1985
SCOTTSBLUFF HEILIG AP,Scottsbluff,NB,85.5,12/31/2009, 1893-01-01 to 2017-06-06,17.6,4/25/1935,28,1894-02-09,28,1894-02-10,9/12/1974
VALENTINE MILLER FLD,Valentine,NB,93.9,12/31/1929, 1889-07-01 to 2017-06-06,18.4,9/28/1985,26,3/12/1977,26.3,4/19/1920,9/27/1945
OMAHA EPPLEY AIRFIELD,Omaha,NB,64.5,12/31/1948, 1935-06-01 to 2017-06-06,18.3,2/11/1965,18.5,2/12/1965,19,2/11/1965,10/9/1970
NORFOLK KARL STEFAN AP,Norfolk,NB,63.8,12/31/1983, 1946-01-01 to 2017-06-06,19,2/18/1984,22.6,2/18/1984,22.6,2/19/1984,10/19/1982
CONCORD MUNI AP,Concord,NH,128.4,12/31/1956, 1939-04-02 to 2017-06-06,18.7,1/6/1944,24,2/9/2013,24,2/10/2013,10/22/1969
MT WASHINGTON,Mt. Washington,NH,495.2,12/31/1969, 1948-01-01 to 2017-06-07,49.3,2/25/1969,77.1,2/26/1969,91.1,2/27/1969,9/5/1994
ATLANTIC CITY,Atlantic City,NJ,35,12/31/1914, 1884-01-01 to 2017-06-03,18.4,12/26/2010,20,2/17/2003,21.5,2/17/2003,11/7/2012
NEWARK LIBERTY INTL AP,Newark,NJ,73.2,12/31/1907, 1893-01-01 to 2017-06-06,25.9,12/26/1947,27.8,1/8/1996,27.8,1/9/1996,10/29/2011
ROSWELL IND AIR PK,Roswell,NM,37.3,12/31/1997, 1946-12-01 to 2017-06-06,12.4,12/27/2015,16.9,2/5/1988,16.9,2/6/1988,10/28/1976
ALBUQUERQUE INTL AP,Albuquerque,NM,34.3,12/31/1973, 1931-01-01 to 2017-06-06,11.3,12/29/2006,16.3,12/30/2006,16.5,12/30/2006,10/12/1986
CLAYTON MUNI AIR PK,Clayton,NM,54.5,12/31/1918, 1896-02-01 to 2017-06-06,18.5,12/29/2006,24,12/30/2006,29.5,12/30/2006,9/25/1913
ELKO RGNL AP,Elko,NV,100.8,12/31/1996, 1888-04-01 to 2017-06-06,18.4,1/24/1996,22.5,1/24/1996,25.6,1/25/1996,9/30/1982
LAS VEGAS MCCARRAN AP,Las Vegas,NV,16.7,12/31/1949, 1948-09-06 to 2017-06-06,7.4,1/31/1979,9,1/5/1974,9.7,1/12/1949,11/15/1964
ELY YELLAND FLD AP,Ely,NV,128.4,12/31/2010, 1893-01-01 to 2017-06-06,16,4/7/1900,18,4/8/1900,21.3,1/24/1967,9/20/1895
WINNEMUCCA MUNI AP,Winnemucca,NV,56.2,12/31/1937, 1877-07-01 to 2017-06-06,10.9,01/12/1890,18.2,01/13/1890,18.2,01/14/1890,10/7/1949
RENO TAHOE INTL AP,Reno Tahoe,NV,63.8,12/31/1971, 1937-03-01 to 2017-06-06,18,2/16/1990,21.3,12/31/2004,21.9,2/12/1959,10/16/1984
LA GUARDIA AP,La Guardia,NY,59.7,12/31/1948, 1940-01-01 to 2017-06-06,27.9,1/23/2016,28.2,1/24/2016,28.2,1/25/2016,11/6/1953
ISLIP-LI MACARTHUR AP,Islip,NY,71,12/31/1978, 1963-09-05 to 2017-06-06,23.4,1/23/2016,27.8,2/9/2013,27.8,2/10/2013,11/8/2012
NY CITY CNTRL PARK,Central Park,NY,65,12/31/1948, 1869-01-01 to 2017-06-06,27.3,1/23/2016,27.5,1/23/2016,27.5,1/24/2016,10/29/2011
BINGHAMTON GREATER AP,Binghamton,NY,137.8,12/31/1993, 1951-05-25 to 2017-06-06,31.2,3/14/2017,35.3,3/15/2017,35.5,3/16/2017,10/22/1988
ALBANY INTL AP,Albany,NY,106.7,12/31/1956, 1938-06-01 to 2017-06-06,22,3/13/1993,26.6,3/14/1993,26.8,3/14/1993,10/4/1987
BUFFALO NIAGARA INTL,Buffalo,NY,175.6,12/31/1977, 1939-02-02 to 2017-06-06,33.9,12/10/1995,48.1,12/28/2001,56.1,12/28/2001,10/12/2006
ROCHESTER GTR INTL,Rochester,NY,151.7,12/31/1959, 1926-01-02 to 2017-06-06,23,1/3/1996,26.7,1/31/1966,40.7,3/6/1999,10/25/1930
SYRACUSE HANCOCK INTL AP,Syracuse,NY,207.9,12/31/1993, 1940-08-15 to 2017-06-06,22.1,3/13/1993,42,3/14/1993,42.9,3/15/1993,10/20/1952
JFK INTL AP,JFK International Airport,NY,61.9,12/31/2003, 1948-07-17 to 2017-06-06,30.3,1/23/2016,30.5,1/23/2016,30.6,1/24/2016,11/7/2012
PORT COLUMBUS INTL AP,Port Columbus,OH,49.4,12/31/2003, 1948-01-01 to 2017-06-06,15.5,3/8/2008,20.5,3/8/2008,20.5,3/9/2008,10/30/1993
MANSFIELD LAHM RGNL AP,Mansfield,OH,83,12/31/2010, 1948-08-01 to 2017-06-06,15.2,12/22/2004,23,12/23/2004,23,12/24/2004,10/19/1989
AKRON CANTON AP,Akron,OH,73.6,12/31/2010, 1948-07-01 to 2017-06-06,19.7,4/4/1987,24.3,12/2/1974,24.9,12/3/1974,
YOUNGSTOWN-WARREN RGNL AP,Youngstown,OH,115.4,12/31/2010, 1934-08-01 to 2017-06-06,17.2,1/24/1948,26.5,11/25/1950,27.4,11/26/1950,10/19/1992
CLEVELAND-HOPKINS INTL AP,Cleveland,OH,108.4,12/31/2005, 1938-05-01 to 2017-06-06,13.6,2/23/1993,19.3,11/25/1950,23.1,2/24/1993,10/19/1981
TOLEDO EXPRESS AP,Toledo,OH,77.4,12/31/2014, 1955-01-01 to 2017-06-06,13.9,12/1/1974,13.9,12/2/1974,13.9,12/3/1974,11/2/1966
DAYTON INTL AP,Dayton,OH,52.9,12/31/1978, 1948-01-01 to 2017-06-06,12.2,1/26/1978,16.4,12/23/2004,16.4,12/24/2004,10/19/1989
OKLAHOMA CITY WILL ROGERS AP,Oklahoma City,OK,25,12/31/1960, 1948-01-01 to 2017-06-06,13.5,12/24/2009,13.5,12/25/2009,13.5,12/26/2009,11/16/2014
TULSA INTL AP,Tulsa,OK,29.1,12/31/1958, 1931-01-01 to 2017-06-06,13.2,2/1/2011,14,2/1/2011,14,2/2/2011,11/5/1951
MEDFORD ROGUE VLY AP,Medford,OR,24.1,12/31/1930, 1911-04-01 to 2017-06-06,11,12/11/1919,11.2,2/21/1917,11.9,2/21/1917,11/10/1911
EUGENE MAHLON SWEET AP,Eugene,OR,47.1,12/31/1969, 1938-06-01 to 2017-06-06,14,1/25/1969,27.9,1/26/1969,37.9,1/27/1969,11/16/1955
ASTORIA RGNL AP,Astoria,OR,27.3,12/31/1969, 1953-01-16 to 2017-06-06,10.8,1/12/1971,13.2,1/12/1971,,,11/16/1955
PORTLAND INTL AP,Portland,OR,44.5,12/31/1950, 1939-02-01 to 2017-06-06,14.4,1/21/1943,15.9,1/21/1943,15.9,1/22/1943,11/16/1955
PENDLETON E OR RGNL AP,Pendleton,OR,52.7,12/31/1950, 1928-01-01 to 2017-06-06,16.1,2/24/1994,16.1,2/25/1994,16.1,2/26/1994,10/31/1973
PHILA INTL AP,Philadelphia,PA,67.3,12/31/2010, 1940-06-20 to 2017-06-06,27.6,1/7/1996,30.7,1/8/1996,31,1/9/1996,10/10/1979
MIDDLETOWN HARRISBURG INTL AP,Harrisburg,PA,76,12/31/1994, 1941-02-02 to 2017-06-06,26.4,1/23/2016,30.2,1/23/2016,30.3,1/23/2016,10/29/2011
PITTSBURGH ASOS,Pittsburgh,PA,78.8,12/31/2010, 1948-01-01 to 2017-06-06,23.6,3/13/1993,24.6,3/13/1993,27.4,11/26/1950,10/31/1993
WILLIAMSPORT RGNL AP,Williamsport,PA,77.3,12/31/1994, 1945-01-01 to 2017-06-06,20,2/19/1972,24.1,1/13/1964,24.1,1/14/1964,11/2/1954
ERIE INTL AP,Erie,PA,165.7,12/31/2008, 1926-01-01 to 2017-06-06,20,11/22/1956,26.5,12/12/1944,30.2,12/31/2001,10/19/1930
Avoca Area,Avoca,PA,81.5,12/31/1994, 1901-01-01 to 2017-06-06,22.1,3/14/2017,23.6,3/15/2017,23.9,3/15/2017,10/26/1992
PROVIDENCE,Providence,RI,82.3,12/31/1945, 1932-06-01 to 2017-06-06,18.3,2/4/1961,28.6,2/7/1978,28.6,2/8/1978,11/4/1945
COLUMBIA METRO AP,Columbia,SC,18.2,12/31/1973, 1948-01-01 to 2017-06-06,12.3,2/10/1973,16,2/10/1973,16,2/11/1973,12/11/1958
GRNVL SPART INTL AP,Greenville,SC,19,12/31/1971, 1962-10-15 to 2017-06-06,12,1/7/1988,12,1/8/1988,12,1/9/1988,11/19/2000
CHARLESTON INTL AP,Charleston,SC,8.9,12/31/1989, 1938-03-01 to 2017-06-06,6,12/23/1989,7.5,12/23/1989,8,12/24/1989,12/15/1943
SIOUX FALLS FOSS FLD,Sioux Falls,SD,78.2,12/31/1983, 1893-01-01 to 2017-06-06,18.1,3/10/1956,31.8,2/18/1962,32.2,2/18/1962,10/1/1999
HURON RGNL AP,Huron,SD,80.5,12/31/1985, 1888-04-09 to 2017-06-06,19,3/14/2002,24.1,3/3/1985,25.6,3/4/1985,10/1/1999
LEAD,Lead,SD,326.7,12/31/2008, 1909-03-01 to 2017-06-06,52,3/14/1973,59.4,4/19/2006,74.1,2/27/1998,
RAPID CITY REGIONAL AP,Rapid City,SD,100.5,12/31/2013, 1948-05-01 to 2017-06-06,20,4/9/2013,25.7,4/10/2013,28.2,4/10/2013,9/13/1970
ABERDEEN RGNL AP,Aberdeen,SD,95.6,12/31/1937, 1893-01-01 to 2017-06-06,25,04/07/1894,25,04/08/1894,25,04/09/1894,10/7/1970
CHATTANOOGA LOVELL AP,Chattanooga,TN,22.7,12/31/1993, 1938-04-01 to 2017-06-06,18.5,3/13/1993,20,3/13/1993,20,3/14/1993,11/24/1950
MEMPHIS INTL AP,Memphis,TN,23.8,12/31/1968, 1940-01-01 to 2017-06-06,14.3,12/22/1963,16.1,3/22/1968,17.3,3/23/1968,12/13/1958
OAK RIDGE ATDD,Oak Ridge,TN,42.5,12/31/1960, 1948-08-01 to 2017-04-30,12,3/9/1960,12,3/13/1993,15.7,3/11/1960,
CROSSVILLE MEM AP,Crossville,TN,54.7,12/31/1960, 1954-04-21 to 2017-06-06,18,3/13/1993,20.5,3/13/1993,20.5,3/14/1993,11/2/1966
NASHVILLE INTL AP,Nashville,TN,38.7,12/31/1960, 1940-01-01 to 2017-06-06,8.2,3/22/1968,10.2,1/1/1964,10.5,2/8/1979,11/2/1966
KNOXVILLE MCGHEE TYSON AP,Knoxville,TN,54.4,12/31/1960, 1910-01-01 to 2017-06-06,17.5,2/13/1960,18.8,2/14/1960,18.8,2/15/1960,11/21/1952
DALLAS FAA AP,Dallas,TX,14.1,12/31/1978, 1939-08-01 to 2017-06-06,7.8,2/11/2010,8.8,2/12/2010,8.8,2/13/2010,11/13/1976
BROWNSVILLE INTL AP,Brownsville,TX,1.5,12/31/2004, 1898-12-01 to 2017-06-06,1.5,12/25/2004,1.5,12/26/2004,1.5,12/27/2004,
SAN ANTONIO INTL AP,San Antonio,TX,15.9,12/31/1985, 1946-09-01 to 2017-06-06,13.2,1/12/1985,13.5,1/13/1985,13.5,1/14/1985,1/2/1985
HOUSTON HOBBY AP,Houston,TX,4.4,12/31/1960, 1932-03-10 to 2017-06-06,4.4,2/12/1960,4.4,2/13/1960,4.4,2/14/1960,1/11/1973
AUSTIN-CAMP MABRY,Austin,TX,8.7,12/31/1985, 1938-06-01 to 2017-06-06,6.5,1/30/1949,7,1/14/1944,7,1/15/1944,11/8/1955
EL PASO INTL AP,El Paso,TX,32.7,12/31/1987, 1942-12-01 to 2017-06-06,14.5,12/13/1987,22.4,12/14/1987,22.4,12/15/1987,11/7/1990
MIDLAND INTL AP,Midland,TX,12.1,12/31/1992, 1933-02-10 to 2017-06-06,10.6,1/9/2012,10.6,1/10/2012,10.6,1/11/2012,11/8/1968
ABILENE RGNL AP,Abilene,TX,18.6,12/31/1983, 1944-03-01 to 2017-06-06,9.3,4/5/1996,9.3,4/6/1996,9.3,4/7/1996,11/8/2000
LUBBOCK INTL AP,Lubbock,TX,36.3,12/31/1983, 1947-01-01 to 2017-06-06,12.1,2/20/1961,16.9,1/21/1983,16.9,1/22/1983,10/28/1976
WICHITA FALLS MUNI AP,Wichita Falls,TX,20,12/31/1905, 1897-01-01 to 2017-06-06,9.8,1/18/1925,9.9,3/5/1989,9.9,3/6/1989,11/1/1951
AMARILLO INTL AP,Amarillo,TX,46.7,12/31/1983, 1941-04-01 to 2017-06-06,19,2/25/2013,20.2,12/27/2000,20.5,12/27/2000,10/8/1970
SALT LAKE CITY INTL AP,Salt Lake City,UT,108.3,12/31/1996, 1928-05-01 to 2017-06-06,13.8,10/18/1984,20.4,2/25/1998,23,2/26/1998,9/17/1965
NORFOLK INTL AP,Norfolk,VA,41.9,12/31/1980, 1946-01-01 to 2017-06-06,13.6,2/18/1989,14.8,2/18/1989,15.4,2/19/1989,12/6/1954
ROANOKE RGNL AP,Roanoke,VA,72.5,12/31/1960, 1948-01-01 to 2017-06-06,15.4,2/13/1960,24.9,1/7/1996,24.9,1/8/1996,11/4/1970
LYNCHBURG INTL AP,Lynchburg,VA,56,12/31/1966, 1944-07-01 to 2017-06-06,14.3,1/7/1996,21.4,1/7/1996,21.4,1/8/1996,11/2/1954
RICHMOND INTL AP,Richmond,VA,47,12/31/1962, 1930-01-01 to 2017-06-06,19.9,1/24/1940,21.6,1/24/1940,21.6,1/25/1940,11/6/1953
WALLOPS ISLAND FLIGHT FAC,Wallops Island,VA,42.4,12/31/2010, 1966-10-01 to 2017-06-06,10.2,12/26/2010,11.7,12/26/2010,11.7,12/27/2010,11/12/1976
WASHINGTON REAGAN NATL AP,Arlington,VA,44.6,12/31/1996, 1941-08-01 to 2017-06-06,16.4,2/11/1983,18.7,2/19/1979,18.7,2/20/1979,11/6/1953
WASHINGTON DULLES INTL AP,Washington D.C.,VA,58.4,12/31/1996, 1960-04-01 to 2017-06-06,22.5,2/11/1983,32.4,2/6/2010,32.4,2/7/2010,11/11/1987
MT MANSFIELD,Mount Mansfield,VT,326.8,12/31/2007, 1954-11-23 to 2017-06-06,28,3/15/2017,37.1,3/16/2017,45.1,3/16/2017,
BURLINGTON WSO AP,Burlington,VT,131.6,12/31/2007, 1943-06-04 to 2017-06-06,25.3,2/14/2007,35.3,1/3/2010,37.6,1/3/2010,10/20/2006
YAKIMA AP,Yakima,WA,74,12/31/1996, 1946-09-06 to 2017-06-06,14.8,11/19/1996,18.9,11/19/1996,19.6,12/23/1964,10/28/1991
SEATTLE TACOMA INTL AP,Seattle,WA,60.6,12/31/1950, 1945-01-01 to 2017-06-06,20,1/13/1950,24,1/14/1950,25.6,1/15/1950,10/27/1971
SPOKANE INTL AP,Spokane,WA,132.6,12/31/2008, 1893-01-01 to 2017-06-06,12.7,1/21/1954,23.6,12/18/2008,25,12/19/2008,
OLYMPIA AP,Olympia,WA,60.1,12/31/1969, 1948-01-01 to 2017-06-06,14.2,1/24/1972,22.5,1/25/1972,22.9,1/25/1972,11/17/1955
HUNTINGTON TRI-STATE AP,Huntington,WV,50.8,12/31/1978, 1961-01-05 to 2017-06-06,21.1,3/13/1993,21.9,3/14/1993,22.6,3/14/1993,11/10/1987
BECKLEY RALEIGH CO AP,Beckley,WV,142.7,12/31/2010, 1963-05-15 to 2017-06-06,27.7,3/13/1993,29.6,3/14/1993,30.9,3/14/1993,10/10/1979
CHARLESTON - YEAGER AP,Charleston,WV,70.5,12/31/1996, 1948-10-01 to 2017-06-06,17.1,3/13/1993,18.9,3/14/1993,23.3,1/8/1996,10/20/1961
SNOWSHOE,Snowshoe,WV,281.1,12/31/1981, 1975-02-01 to 2017-06-07,26,3/14/1993,37,1/8/1996,39,1/8/1996,
ELKINS- RANDOLPH CO AP,Elkins,WV,124.5,12/31/1987, 1926-01-01 to 2017-06-05,19.9,12/19/2009,22.6,1/8/1996,28.2,11/26/1950,10/10/1979
MILWAUKEE WSFO,Waukesha,WI,118.8,12/31/2008, 1995-01-01 to 2017-05-10,14.2,3/22/2008,16.3,2/7/2008,17,2/8/2008,
MADISON DANE RGNL AP,Madison,WI,111.1,12/31/2008, 1939-10-01 to 2017-06-06,17.3,12/3/1990,17.3,12/4/1990,19,2/25/1994,10/10/1990
LA CROSSE MUNI AP,La Crosse,WI,91.4,12/31/1959, 1938-04-01 to 2017-06-06,14.4,12/3/1990,18.5,3/6/1959,21,2/25/2007,11/1/1991
MILWAUKEE MITCHELL AP,Milwaukee,WI,106.6,12/31/2008, 1938-04-03 to 2017-06-06,16.7,2/10/1960,20.1,2/6/1974,23.6,2/6/1974,10/19/1989
GREEN BAY A S INTL AP,Green Bay,WI,119.8,12/31/1887, 1886-09-01 to 2017-06-06,24,03/01/1888,29,03/02/1888,29,03/03/1888,10/12/1936
LANDER HUNT FLD AP,Lander,WY,199.9,12/31/1973, 1946-05-29 to 2017-06-06,28.6,4/22/1999,46.2,4/23/1999,51.7,4/23/1999,9/8/1962
CHEYENNE MUNI AP,Cheyenne,WY,107.4,12/31/1942, 1915-01-01 to 2017-06-06,19.8,11/20/1979,25.2,11/21/1979,25.6,11/21/1979,9/12/1989
LAKE YELLOWSTONE,Lake Yellowstone,WY,261,12/31/1909, 1904-01-19 to 2017-04-30,18,1/7/1965,30,1/21/1969,38,1/21/1969,
CASPER NATRONA CO AP,Casper,WY,137.6,12/31/1982, 1948-08-01 to 2017-06-06,24.3,12/24/1982,31.3,12/24/1982,31.3,12/25/1982,9/11/1974
